{"cameraMode":{"drawMode":0,"name":"Shaded","section":"Shading Mode"},"sceneLighting":true,"audioPlay":false,"sceneViewState":{"showFog":true,"showMaterialUpdate":false,"showSkybox":true,"showFlares":true,"showImageEffects":true,"showParticleSystems":true},"in2DMode":false,"pivot":{"x":1.754279613494873,"y":1.3054721355438233,"z":3.4651029109954836},"rotation":{"x":0.08880595117807388,"y":0.13167545199394227,"z":-0.011845453642308712,"w":0.987235963344574},"size":4.893259048461914,"orthographic":false}