{"cameraMode":{"drawMode":0,"name":"Shaded","section":"Shading Mode"},"sceneLighting":false,"audioPlay":false,"sceneViewState":{"showFog":true,"showMaterialUpdate":false,"showSkybox":false,"showFlares":true,"showImageEffects":true,"showParticleSystems":true},"in2DMode":false,"pivot":{"x":616.6718139648438,"y":206.14183044433595,"z":9.22259521484375},"rotation":{"x":-0.005797756835818291,"y":0.3945609927177429,"z":-0.0024892280343919994,"w":-0.9188500046730042},"size":195.05162048339845,"orthographic":false}