{"cameraMode":{"drawMode":0,"name":"Shaded","section":"Shading Mode"},"sceneLighting":true,"audioPlay":false,"sceneViewState":{"showFog":true,"showMaterialUpdate":false,"showSkybox":false,"showFlares":true,"showImageEffects":true,"showParticleSystems":true},"in2DMode":false,"pivot":{"x":-0.0905500054359436,"y":1.6450999975204468,"z":1.3312265872955323},"rotation":{"x":0.0005096836248412728,"y":0.9994327425956726,"z":-0.017090074717998506,"w":0.029388684779405595},"size":2.3078508377075197,"orthographic":false}