{"cameraMode":{"drawMode":0,"name":"Shaded","section":"Shading Mode"},"sceneLighting":true,"audioPlay":false,"sceneViewState":{"showFog":true,"showMaterialUpdate":false,"showSkybox":false,"showFlares":true,"showImageEffects":true,"showParticleSystems":true},"in2DMode":false,"pivot":{"x":-3.110764980316162,"y":0.8462221622467041,"z":0.8229022026062012},"rotation":{"x":-0.12060300260782242,"y":0.8105692863464356,"z":-0.17964890599250794,"w":-0.5442324280738831},"size":2.3105878829956056,"orthographic":false}