{"cameraMode":{"drawMode":0,"name":"Shaded","section":"Shading Mode"},"sceneLighting":true,"audioPlay":false,"sceneViewState":{"showFog":true,"showMaterialUpdate":false,"showSkybox":false,"showFlares":true,"showImageEffects":true,"showParticleSystems":true},"in2DMode":false,"pivot":{"x":-0.5298792123794556,"y":2.4362833499908449,"z":5.386505603790283},"rotation":{"x":0.05305558443069458,"y":-0.02606121264398098,"z":0.0013881734339520336,"w":0.9982604384422302},"size":7.164520263671875,"orthographic":false}