{"cameraMode":{"drawMode":0,"name":"Shaded","section":"Shading Mode"},"sceneLighting":true,"audioPlay":false,"sceneViewState":{"showFog":true,"showMaterialUpdate":false,"showSkybox":false,"showFlares":true,"showImageEffects":true,"showParticleSystems":true},"in2DMode":false,"pivot":{"x":-3.6896486282348635,"y":2.6605329513549806,"z":-3.947274684906006},"rotation":{"x":0.2661139965057373,"y":0.620071530342102,"z":-0.2359359711408615,"w":0.6993233561515808},"size":6.350876808166504,"orthographic":false}